tray_index,insert_index,magnet_index,pos_x_m,pos_y_m,pos_z_m,rotation_deg
0,23,0,-0.043332346816144,-0.0315,-0.27358967034485315,-37.74201139235325
0,23,1,-0.028954384325139977,-0.0315,-0.27548256501701174,313.80344243878716
0,23,2,-0.014497059879295384,-0.0315,-0.276620381127017,-63.318059042307894
0,23,3,1.6961358168190844e-17,-0.0315,-0.277,-73.78020820183035
0,23,4,0.01449705987929548,-0.0315,-0.276620381127017,-96.88275768974772
0,23,5,0.028954384325140012,-0.0315,-0.27548256501701174,-104.17333811905829
0,23,6,0.04333234681614397,-0.0315,-0.2735896703448532,233.8915909814334
0,30,0,-0.043332346816144,0.03149999999999999,-0.27358967034485315,-34.67579482318332
0,30,1,-0.028954384325139977,0.03149999999999999,-0.27548256501701174,304.28219928663844
0,30,2,-0.014497059879295384,0.03149999999999999,-0.276620381127017,294.34640638219696
0,30,3,1.6961358168190844e-17,0.03149999999999999,-0.277,278.4127793760283
0,30,4,0.01449705987929548,0.03149999999999999,-0.276620381127017,-92.1820420542639
0,30,5,0.028954384325140012,0.03149999999999999,-0.27548256501701174,-121.25156627138635
0,30,6,0.04333234681614397,0.03149999999999999,-0.2735896703448532,-129.6279097969647
1,23,0,0.09926792202404822,-0.0315,-0.2586017781397249,185.34565874322757
1,23,1,0.11266605013199667,-0.0315,-0.25305209176700044,173.19562562999806
1,23,2,0.12575536842785448,-0.0315,-0.2468088072001779,159.10413058744683
1,23,3,0.13850000000000004,-0.0315,-0.23988903684828952,158.900207681624
1,23,4,0.15086501269916255,-0.0315,-0.23231174732088244,151.1324514667351
1,23,5,0.16281651488501508,-0.0315,-0.22409770744186047,136.5726538873978
1,23,6,0.174321748320805,-0.0315,-0.21526943132358092,134.4461787369293
1,30,0,0.09926792202404822,0.03149999999999999,-0.2586017781397249,187.33777137539008
1,30,1,0.11266605013199667,0.03149999999999999,-0.25305209176700044,174.54796282509986
1,30,2,0.12575536842785448,0.03149999999999999,-0.2468088072001779,168.1319298948667
1,30,3,0.13850000000000004,0.03149999999999999,-0.23988903684828952,155.81095689364187
1,30,4,0.15086501269916255,0.03149999999999999,-0.23231174732088244,147.65684995326734
1,30,5,0.16281651488501508,0.03149999999999999,-0.22409770744186047,143.34242506402606
1,30,6,0.174321748320805,0.03149999999999999,-0.21526943132358092,122.03335279107222
2,23,0,0.21526943132358095,-0.0315,-0.17432174832080496,98.05179709471624
2,23,1,0.22409770744186047,-0.0315,-0.16281651488501508,78.18573473854386
2,23,2,0.23231174732088247,-0.0315,-0.15086501269916253,66.50691418928788
2,23,3,0.23988903684828955,-0.0315,-0.13849999999999998,62.11169014073125
2,23,4,0.24680880720017792,-0.0315,-0.12575536842785445,40.411005254382694
2,23,5,0.25305209176700044,-0.0315,-0.11266605013199665,30.318835131496858
2,23,6,0.2586017781397249,-0.0315,-0.09926792202404819,12.490756066012494
2,30,0,0.21526943132358095,0.03149999999999999,-0.17432174832080496,83.52330120091679
2,30,1,0.22409770744186047,0.03149999999999999,-0.16281651488501508,74.05065963706971
2,30,2,0.23231174732088247,0.03149999999999999,-0.15086501269916253,59.63549904304192
2,30,3,0.23988903684828955,0.03149999999999999,-0.13849999999999998,55.0381668490986
2,30,4,0.24680880720017792,0.03149999999999999,-0.12575536842785445,28.304391727373755
2,30,5,0.25305209176700044,0.03149999999999999,-0.11266605013199665,17.28400127712958
2,30,6,0.2586017781397249,0.03149999999999999,-0.09926792202404819,-0.5865004192240012
3,23,0,0.2735896703448532,-0.0315,-0.04333234681614395,323.5634385007556
3,23,1,0.27548256501701174,-0.0315,-0.028954384325140012,-49.91388748681859
3,23,2,0.276620381127017,-0.0315,-0.014497059879295442,-64.80377306361969
3,23,3,0.277,-0.0315,0.0,-68.73600875671906
3,23,4,0.276620381127017,-0.0315,0.014497059879295442,272.9697809031682
3,23,5,0.27548256501701174,-0.0315,0.028954384325140012,261.9798985795692
3,23,6,0.2735896703448532,-0.0315,0.04333234681614395,-104.14478600331535
3,30,0,0.2735896703448532,0.03149999999999999,-0.04333234681614395,-41.26324358771
3,30,1,0.27548256501701174,0.03149999999999999,-0.028954384325140012,295.87063015273736
3,30,2,0.276620381127017,0.03149999999999999,-0.014497059879295442,-69.00493060141187
3,30,3,0.277,0.03149999999999999,0.0,-72.15122793682953
3,30,4,0.276620381127017,0.03149999999999999,0.014497059879295442,-85.19548478230051
3,30,5,0.27548256501701174,0.03149999999999999,0.028954384325140012,-87.11998835899604
3,30,6,0.2735896703448532,0.03149999999999999,0.04333234681614395,263.4194439229964
4,23,0,0.2586017781397249,-0.0315,0.09926792202404819,-132.0979058288852
4,23,1,0.25305209176700044,-0.0315,0.11266605013199665,-147.72897097520942
4,23,2,0.24680880720017792,-0.0315,0.12575536842785445,-158.01916444808654
4,23,3,0.23988903684828955,-0.0315,0.13849999999999998,-159.54415198276322
4,23,4,0.23231174732088247,-0.0315,0.15086501269916253,187.00956743118195
4,23,5,0.22409770744186047,-0.0315,0.16281651488501508,171.82562115083056
4,23,6,0.21526943132358095,-0.0315,0.17432174832080496,179.9831866482254
4,30,0,0.2586017781397249,0.03149999999999999,0.09926792202404819,-130.03069890952793
4,30,1,0.25305209176700044,0.03149999999999999,0.11266605013199665,-135.83946142163015
4,30,2,0.24680880720017792,0.03149999999999999,0.12575536842785445,-150.23448901656718
4,30,3,0.23988903684828955,0.03149999999999999,0.13849999999999998,-144.35236739721282
4,30,4,0.23231174732088247,0.03149999999999999,0.15086501269916253,-167.69196236863783
4,30,5,0.22409770744186047,0.03149999999999999,0.16281651488501508,179.70655995037353
4,30,6,0.21526943132358095,0.03149999999999999,0.17432174832080496,180.72464531584725
5,23,0,0.174321748320805,-0.0315,0.21526943132358092,113.0620935545847
5,23,1,0.16281651488501508,-0.0315,0.22409770744186047,99.09281866174699
5,23,2,0.15086501269916255,-0.0315,0.23231174732088244,75.9804285073348
5,23,3,0.13850000000000004,-0.0315,0.23988903684828952,81.87867360120512
5,23,4,0.12575536842785448,-0.0315,0.2468088072001779,78.10425948860889
5,23,5,0.11266605013199667,-0.0315,0.25305209176700044,28.24550578382992
5,23,6,0.09926792202404822,-0.0315,0.2586017781397249,25.42771914824246
5,30,0,0.174321748320805,0.03149999999999999,0.21526943132358092,129.65359259917614
5,30,1,0.16281651488501508,0.03149999999999999,0.22409770744186047,91.96072122056191
5,30,2,0.15086501269916255,0.03149999999999999,0.23231174732088244,86.72083011982464
5,30,3,0.13850000000000004,0.03149999999999999,0.23988903684828952,82.09291924479895
5,30,4,0.12575536842785448,0.03149999999999999,0.2468088072001779,65.90187723578094
5,30,5,0.11266605013199667,0.03149999999999999,0.25305209176700044,54.968725146050325
5,30,6,0.09926792202404822,0.03149999999999999,0.2586017781397249,25.21986509056266
6,23,0,0.04333234681614397,-0.0315,0.2735896703448532,-26.60507335103433
6,23,1,0.028954384325140012,-0.0315,0.27548256501701174,-38.45942233872985
6,23,2,0.01449705987929548,-0.0315,0.276620381127017,-59.2956662043649
6,23,3,1.6961358168190844e-17,-0.0315,0.277,-86.09355400699722
6,23,4,-0.014497059879295384,-0.0315,0.276620381127017,-89.74457719451773
6,23,5,-0.028954384325139977,-0.0315,0.27548256501701174,-100.2424138456845
6,23,6,-0.043332346816144,-0.0315,0.27358967034485315,-128.63618290143089
6,30,0,0.04333234681614397,0.03149999999999999,0.2735896703448532,3.3204631866534013
6,30,1,0.028954384325140012,0.03149999999999999,0.27548256501701174,-26.996127549784365
6,30,2,0.01449705987929548,0.03149999999999999,0.276620381127017,-48.76571887560701
6,30,3,1.6961358168190844e-17,0.03149999999999999,0.277,-78.18748963278513
6,30,4,-0.014497059879295384,0.03149999999999999,0.276620381127017,-67.62617388340726
6,30,5,-0.028954384325139977,0.03149999999999999,0.27548256501701174,-106.15579655123064
6,30,6,-0.043332346816144,0.03149999999999999,0.27358967034485315,-121.41468432791173
7,23,0,-0.09926792202404819,-0.0315,0.2586017781397249,150.77915679492904
7,23,1,-0.11266605013199664,-0.0315,0.2530520917670005,170.88503415157493
7,23,2,-0.12575536842785445,-0.0315,0.24680880720017792,141.1486548213409
7,23,3,-0.13849999999999996,-0.0315,0.23988903684828955,128.7911320261762
7,23,4,-0.15086501269916253,-0.0315,0.23231174732088247,131.65335136452651
7,23,5,-0.16281651488501503,-0.0315,0.22409770744186047,94.34752304151208
7,23,6,-0.17432174832080494,-0.0315,0.21526943132358098,70.78344007978976
7,30,0,-0.09926792202404819,0.03149999999999999,0.2586017781397249,152.72073779165814
7,30,1,-0.11266605013199664,0.03149999999999999,0.2530520917670005,167.78724606773176
7,30,2,-0.12575536842785445,0.03149999999999999,0.24680880720017792,155.57190735832663
7,30,3,-0.13849999999999996,0.03149999999999999,0.23988903684828955,147.62094481502692
7,30,4,-0.15086501269916253,0.03149999999999999,0.23231174732088247,121.31711468245662
7,30,5,-0.16281651488501503,0.03149999999999999,0.22409770744186047,121.18391688658184
7,30,6,-0.17432174832080494,0.03149999999999999,0.21526943132358098,82.3243351303
8,23,0,-0.2152694313235809,-0.0315,0.17432174832080508,27.98910507260259
8,23,1,-0.22409770744186044,-0.0315,0.1628165148850151,13.762055756921741
8,23,2,-0.2323117473208825,-0.0315,0.15086501269916244,6.418625615090817
8,23,3,-0.23988903684828955,-0.0315,0.13849999999999998,-12.340594925117689
8,23,4,-0.2468088072001779,-0.0315,0.12575536842785448,336.26557969899494
8,23,5,-0.25305209176700044,-0.0315,0.11266605013199672,-24.215564589895884
8,23,6,-0.2586017781397249,-0.0315,0.09926792202404816,-52.25522198388707
8,30,0,-0.2152694313235809,0.03149999999999999,0.17432174832080508,21.657993142758862
8,30,1,-0.22409770744186044,0.03149999999999999,0.1628165148850151,4.413367328011584
8,30,2,-0.2323117473208825,0.03149999999999999,0.15086501269916244,-8.43454376579289
8,30,3,-0.23988903684828955,0.03149999999999999,0.13849999999999998,-16.94144585764972
8,30,4,-0.2468088072001779,0.03149999999999999,0.12575536842785448,-21.78010597622945
8,30,5,-0.25305209176700044,0.03149999999999999,0.11266605013199672,-34.391739942164044
8,30,6,-0.2586017781397249,0.03149999999999999,0.09926792202404816,325.6888631265342
9,23,0,-0.27358967034485315,-0.0315,0.043332346816143986,283.36266175329484
9,23,1,-0.27548256501701174,-0.0315,0.028954384325140088,276.52794259976133
9,23,2,-0.276620381127017,-0.0315,0.014497059879295436,257.3438270740733
9,23,3,-0.277,-0.0315,3.392271633638169e-17,247.06693089879235
9,23,4,-0.276620381127017,-0.0315,-0.014497059879295369,245.11914702470233
9,23,5,-0.27548256501701174,-0.0315,-0.028954384325139897,228.6177254888417
9,23,6,-0.2735896703448532,-0.0315,-0.04333234681614392,-128.38610033813734
9,30,0,-0.27358967034485315,0.03149999999999999,0.043332346816143986,281.05900649092325
9,30,1,-0.27548256501701174,0.03149999999999999,0.028954384325140088,-78.5248013122501
9,30,2,-0.276620381127017,0.03149999999999999,0.014497059879295436,267.8476458439887
9,30,3,-0.277,0.03149999999999999,3.392271633638169e-17,261.20438182216606
9,30,4,-0.276620381127017,0.03149999999999999,-0.014497059879295369,248.9395175432404
9,30,5,-0.27548256501701174,0.03149999999999999,-0.028954384325139897,-127.97198461936411
9,30,6,-0.2735896703448532,0.03149999999999999,-0.04333234681614392,-121.97618190583805
10,23,0,-0.2586017781397249,-0.0315,-0.09926792202404823,-193.58245597547958
10,23,1,-0.2530520917670005,-0.0315,-0.11266605013199656,138.2775676608113
10,23,2,-0.246808807200178,-0.0315,-0.1257553684278543,152.1863029662027
10,23,3,-0.23988903684828952,-0.0315,-0.13850000000000004,131.1675381545399
10,23,4,-0.23231174732088247,-0.0315,-0.15086501269916253,113.8784636246476
10,23,5,-0.22409770744186047,-0.0315,-0.16281651488501503,111.07594547065575
10,23,6,-0.21526943132358092,-0.0315,-0.17432174832080502,97.88473410564193
10,30,0,-0.2586017781397249,0.03149999999999999,-0.09926792202404823,-186.27845811902984
10,30,1,-0.2530520917670005,0.03149999999999999,-0.11266605013199656,-199.2998914413537
10,30,2,-0.246808807200178,0.03149999999999999,-0.1257553684278543,147.18448378914727
10,30,3,-0.23988903684828952,0.03149999999999999,-0.13850000000000004,133.97000915450346
10,30,4,-0.23231174732088247,0.03149999999999999,-0.15086501269916253,122.91856072634882
10,30,5,-0.22409770744186047,0.03149999999999999,-0.16281651488501503,114.66418802860238
10,30,6,-0.21526943132358092,0.03149999999999999,-0.17432174832080502,103.18253255027511
11,23,0,-0.17432174832080488,-0.0315,-0.215269431323581,54.755278452257556
11,23,1,-0.1628165148850151,-0.0315,-0.22409770744186044,51.69510928171101
11,23,2,-0.1508650126991625,-0.0315,-0.2323117473208825,46.80192456607688
11,23,3,-0.13850000000000012,-0.0315,-0.2398890368482895,32.504989317504275
11,23,4,-0.1257553684278545,-0.0315,-0.2468088072001779,26.546188753729552
11,23,5,-0.11266605013199664,-0.0315,-0.2530520917670005,16.03786700510878
11,23,6,-0.0992679220240483,-0.0315,-0.25860177813972485,0.09788534688818369
11,30,0,-0.17432174832080488,0.03149999999999999,-0.215269431323581,63.677132992682075
11,30,1,-0.1628165148850151,0.03149999999999999,-0.22409770744186044,52.541021968045754
11,30,2,-0.1508650126991625,0.03149999999999999,-0.2323117473208825,41.954802950561245
11,30,3,-0.13850000000000012,0.03149999999999999,-0.2398890368482895,31.234177218104506
11,30,4,-0.1257553684278545,0.03149999999999999,-0.2468088072001779,17.64030323088556
11,30,5,-0.11266605013199664,0.03149999999999999,-0.2530520917670005,10.347808901096895
11,30,6,-0.0992679220240483,0.03149999999999999,-0.25860177813972485,4.182607854960077
